{"0": [0.009577067514450428, 3.4210526315789487, -0.001653201600175648], "1": [-0.00016164023838181947, -1.5901099270037855, -4.950640690560795e-05]}