{"q1": [-0.005880283558467453, 2.751053126700166e-08, 0.011694373843437111, 0, 0, 0], "q2_start": [-0.01766795636313689, -1.5502587024100968e-16, 8.720205201056796e-17, 0, 0, 0], "q2_end": [2, 2, 2, 0, 0, 0]}
