{"0": [-0.02940141779233726, 1.375526563350083e-07, 0.05847186921718555], "1": [-0.08833978181568444, -7.751293512050484e-16, 4.3601026005283974e-16]}