{"q1": [0.000414247703697018, 0.9056926113810818, -0.0694998397921061, 0, 0, 0], "q2_start": [-0.011096209112681889, -0.02072284958771054, -0.2818141129739344, 0, 0, 0], "q2_end": [2, 2, 2, 0, 0, 0]}