{"0": [0.00207123851848509, 4.528463056905409, -0.34749919896053044], "1": [-0.055481045563409444, -0.1036142479385527, -1.409070564869672]}