{"q1": [0.04585423307137287, 0.08726121337717026, -0.028085390007849743, 0, 0, 0], "q2_start": [0.012156260302711795, -0.6751504999247352, -0.016249814601861767, 0, 0, 0], "q2_end": [2, 2, 2, 0, 0, 0]}