{"0": [0.22927116535686431, 0.4363060668858513, -0.1404269500392487], "1": [0.060781301513558976, -3.3757524996236756, -0.08124907300930882]}