{"0": [0.44044159366457036, -0.10454661714446396, 1.832409989622885], "1": [0.07638263818308023, -0.05956321390503978, -2.0871136057021973]}