{"0": [-2.6320625341457586, 1.4391942804415365, -0.002171190257935956], "1": [-0.9278979269920544, -0.14426858448517352, -7.663334901438705e-07]}