{"q2_start": [0.1339605740600684, 0.008587929592019232, -0.04491519978552808, 0, 0, 0], "q1": [-1.8424564250208797e-05, -0.07450509578231833, -0.06781259920860787, 0, 0, 0], "q2_end": [2, 2, 2, 0, 0, 0]}