{"0": [0.6698028703003419, 0.04293964796009616, -0.2245759989276404], "1": [-9.212282125104399e-05, -0.37252547891159166, -0.3390629960430393]}