{"q2_start": [0.8444474331041836, 0.0004565975455822928, -0.13214136192958098, 0, 0, 0],
 "q1": [0.3426603906353145, -0.016212202636470035, -0.29456147696299245, 0, 0, 0], 
 "q2_end": [2, 2, 2, 0, 0, 0]}