{"0": [4.222237165520918, 0.002282987727911464, -0.6607068096479048], 

"1": [1.7133019531765723, -0.08106101318235016, -1.472807384814962]}