{"0": [-0.3142353996952017, 2.0624544167998193, 0.0648130965073738], "1": [0.27963307377172303, -2.0624543236310227, -0.17865518808588013]}