{"0": [2.5843689969306942e-05, 2.0549392632093553, 5.0307933168701985e-06], "1": [-0.008791176889689924, 5.536730212832953e-16, -0.07274098445676977]}