{"0": [0.009055317258617336, -1.0403766586777738, 0.03539556601138622], "1": [-1.6970321553029069, 0.12946383840060605, -0.6284659362812163]}