{"0": [-0.31086142866775046, 0.017661919403360073, 0.0074340474248239695], "1": [-0.27314072392707966, -0.0037646652952576035, 0.07010759943202922]}