{"q1": [0.0012866841282197351, -0.00046387369173870425, 0.0026503410707455835, 0, 0, 0], "q2_start": [5.280146997939313e-15, -0.0004752564576742403, -0.12679317268144974, 0, 0, 0], "q2_end": [2, 2, 2, 0, 0, 0]}