{"0": [0.0064334206410986755, -0.002319368458693521, 0.013251705353727916], "1": [2.6400734989696565e-14, -0.0023762822883712014, -0.6339658634072487]}