{"q1": [0.8025269683451006, 2.5343023535323926e-18, 0.4072068291085543, 0, 0, 0], "q2_start": [-0.10166788527243818, -0.006659737095902699, 0.08802212013314344, 0, 0, 0], "q2_end": [2, 2, 2, 0, 0, 0]}