{"0": [4.012634841725503, 1.2671511767661962e-17, 2.0360341455427715], "1": [-0.5083394263621909, -0.03329868547951349, 0.44011060066571717]}