{"0": [1.7233953122307923, -0.0672433029871674, -3.8799266471153553], "1": [-6.5689287929954595e-06, 0.4599593158676759, 0.03680745410434146]}