{"0": [4.2496098423115685, -7.039127316550114e-16, -0.23657951445243885], "1": [-0.6208017420308117, 0.9243698410046087, -0.0313001830838955]}