{"0": [0.2687013843263951, 4.500035817589569, -2.398729897674027], "1": [0.18428633712793785, 0.12115569103190808, -1.3877465715697874]}