{"q1": [0.3423391474320603, 0.004445812870400282, -0.03488154964352324, 0, 0, 0], "q2_start": [-0.1894573183837729, 0.04560031559602176, -0.00039185640169094103, 0, 0, 0], "q2_end": [2, 2, 2, 0, 0, 0]}