{"0": [1.7116957371603014, 0.022229064352001407, -0.1744077482176162], "1": [-0.9472865919188644, 0.2280015779801088, -0.001959282008454705]}