{"q1": [-0.008962464848273085, -0.01070160892159539, -0.16008445807460164, 0, 0, 0], "q2_start": [-0.011241881471593398, -0.08371096385724397, 0.19369263801058645, 0, 0, 0], "q2_end": [2, 2, 2, 0, 0, 0]}