{"0": [-0.04481232424136543, -0.053508044607976944, -0.8004222903730082], "1": [-0.056209407357966985, -0.41855481928621985, 0.9684631900529321]}