{"q1": [0.0437464232729283, 0.229819012196947, -0.0861563252107741, 0, 0, 0], "q2_start": [0.08137413444479516, -0.22981901335759944, 0.01743437621158516, 0, 0, 0], "q2_end": [2, 2, 2, 0, 0, 0]}