{"0": [0.21873211636464146, 1.149095060984735, -0.4307816260538705], "1": [0.40687067222397577, -1.149095066787997, 0.0871718810579258]}