{"0": [-3.199582517768179e-05, -8.775723414031115e-06, 4.000001935063345], "1": [-2.90232392982572e-05, -0.0002813923209762251, -0.7721924222592759]}