{"0": [-0.9157654665245735, 0.41667034337324643, -0.10568056403593848], "1": [3.3459462164079943, 0.6698999798962256, -0.00013808238986037042]}