{"0": [0.006433420641098672, 3.16012475528781e-06, -0.013251705353727557], "1": [0.4474058333317653, -4.20679177230296e-17, 1.8571430511073892]}