{"q1": [-0.00517792535481403, 0.1757878217774778, -0.18393764502719645, 0, 0, 0], "q2_start": [0.1333273563322996, -0.32587049047900063, 0.5455189367214864, 0, 0, 0], "q2_end": [2, 2, 2, 0, 0, 0]}