{"0": [-0.025889626774070147, 0.8789391088873889, -0.9196882251359823], "1": [0.6666367816614981, -1.629352452395003, 2.727594683607432]}